[{"model": "admin.logentry", "pk": 1, "fields": {"action_time": "2023-08-21T13:54:19.784Z", "user": 1, "content_type": 11, "object_id": "6", "object_repr": "Второй блог", "action_flag": 2, "change_message": "[{\"changed\": {\"fields\": [\"\\u041f\\u0440\\u0438\\u0437\\u043d\\u0430\\u043a \\u043f\\u0443\\u0431\\u043b\\u0438\\u043a\\u0430\\u0446\\u0438\\u0438\"]}}]"}}, {"model": "admin.logentry", "pk": 2, "fields": {"action_time": "2023-08-21T13:54:37.764Z", "user": 1, "content_type": 11, "object_id": "7", "object_repr": "Блог два", "action_flag": 2, "change_message": "[{\"changed\": {\"fields\": [\"\\u041f\\u0440\\u0438\\u0437\\u043d\\u0430\\u043a \\u043f\\u0443\\u0431\\u043b\\u0438\\u043a\\u0430\\u0446\\u0438\\u0438\"]}}]"}}, {"model": "admin.logentry", "pk": 3, "fields": {"action_time": "2023-08-21T14:41:53.147Z", "user": 1, "content_type": 8, "object_id": "14", "object_repr": "Лимон (Фрукты), цена - 5.", "action_flag": 2, "change_message": "[{\"changed\": {\"fields\": [\"\\u041f\\u043e\\u0441\\u0442\\u0430\\u0432\\u0449\\u0438\\u043a\"]}}]"}}, {"model": "admin.logentry", "pk": 4, "fields": {"action_time": "2023-08-22T12:07:02.144Z", "user": 1, "content_type": 15, "object_id": "1", "object_repr": "2023-08-22 12:02:37.342902+00:00", "action_flag": 3, "change_message": ""}}, {"model": "admin.logentry", "pk": 5, "fields": {"action_time": "2023-08-22T12:41:56.663Z", "user": 1, "content_type": 18, "object_id": "2", "object_repr": "liza_minyaeva@mail.ru", "action_flag": 2, "change_message": "[{\"changed\": {\"fields\": [\"Superuser status\"]}}]"}}, {"model": "admin.logentry", "pk": 6, "fields": {"action_time": "2023-08-22T12:42:16.347Z", "user": 1, "content_type": 18, "object_id": "2", "object_repr": "liza_minyaeva@mail.ru", "action_flag": 2, "change_message": "[{\"changed\": {\"fields\": [\"Staff status\"]}}]"}}, {"model": "admin.logentry", "pk": 7, "fields": {"action_time": "2023-08-22T12:56:45.246Z", "user": 2, "content_type": 11, "object_id": "9", "object_repr": "Тест", "action_flag": 2, "change_message": "[{\"changed\": {\"fields\": [\"\\u041f\\u0440\\u0438\\u0437\\u043d\\u0430\\u043a \\u043f\\u0443\\u0431\\u043b\\u0438\\u043a\\u0430\\u0446\\u0438\\u0438\"]}}]"}}, {"model": "admin.logentry", "pk": 8, "fields": {"action_time": "2023-08-22T12:56:49.182Z", "user": 2, "content_type": 11, "object_id": "10", "object_repr": "Изменения", "action_flag": 2, "change_message": "[{\"changed\": {\"fields\": [\"\\u041f\\u0440\\u0438\\u0437\\u043d\\u0430\\u043a \\u043f\\u0443\\u0431\\u043b\\u0438\\u043a\\u0430\\u0446\\u0438\\u0438\"]}}]"}}, {"model": "admin.logentry", "pk": 9, "fields": {"action_time": "2023-08-22T12:56:52.896Z", "user": 2, "content_type": 11, "object_id": "8", "object_repr": "цукпцп", "action_flag": 2, "change_message": "[{\"changed\": {\"fields\": [\"\\u041f\\u0440\\u0438\\u0437\\u043d\\u0430\\u043a \\u043f\\u0443\\u0431\\u043b\\u0438\\u043a\\u0430\\u0446\\u0438\\u0438\"]}}]"}}, {"model": "admin.logentry", "pk": 10, "fields": {"action_time": "2023-08-22T12:56:56.797Z", "user": 2, "content_type": 11, "object_id": "5", "object_repr": "Первый блог", "action_flag": 2, "change_message": "[{\"changed\": {\"fields\": [\"\\u041f\\u0440\\u0438\\u0437\\u043d\\u0430\\u043a \\u043f\\u0443\\u0431\\u043b\\u0438\\u043a\\u0430\\u0446\\u0438\\u0438\"]}}]"}}, {"model": "admin.logentry", "pk": 11, "fields": {"action_time": "2023-08-22T19:12:50.483Z", "user": 1, "content_type": 3, "object_id": "1", "object_repr": "manager", "action_flag": 1, "change_message": "[{\"added\": {}}]"}}, {"model": "admin.logentry", "pk": 12, "fields": {"action_time": "2023-08-22T19:21:34.121Z", "user": 1, "content_type": 3, "object_id": "1", "object_repr": "manager", "action_flag": 2, "change_message": "[{\"changed\": {\"fields\": [\"Permissions\"]}}]"}}, {"model": "admin.logentry", "pk": 13, "fields": {"action_time": "2023-08-22T19:22:08.131Z", "user": 1, "content_type": 18, "object_id": "2", "object_repr": "liza_minyaeva@mail.ru", "action_flag": 2, "change_message": "[{\"changed\": {\"fields\": [\"Superuser status\", \"Groups\"]}}]"}}, {"model": "admin.logentry", "pk": 14, "fields": {"action_time": "2023-08-22T19:28:53.545Z", "user": 1, "content_type": 18, "object_id": "2", "object_repr": "liza_minyaeva@mail.ru", "action_flag": 2, "change_message": "[{\"changed\": {\"fields\": [\"First name\", \"Last name\"]}}]"}}, {"model": "admin.logentry", "pk": 15, "fields": {"action_time": "2023-08-22T20:38:56.239Z", "user": 1, "content_type": 14, "object_id": "2", "object_repr": "2023-08-01 06:00:00+00:00 / weekly", "action_flag": 1, "change_message": "[{\"added\": {}}]"}}, {"model": "admin.logentry", "pk": 16, "fields": {"action_time": "2023-08-22T20:39:26.914Z", "user": 1, "content_type": 14, "object_id": "3", "object_repr": "2023-08-14 12:00:00+00:00 / monthly", "action_flag": 1, "change_message": "[{\"added\": {}}]"}}, {"model": "admin.logentry", "pk": 17, "fields": {"action_time": "2023-08-22T20:50:40.621Z", "user": 1, "content_type": 11, "object_id": "5", "object_repr": "Первый блог", "action_flag": 2, "change_message": "[{\"changed\": {\"fields\": [\"\\u041f\\u0440\\u0438\\u0437\\u043d\\u0430\\u043a \\u043f\\u0443\\u0431\\u043b\\u0438\\u043a\\u0430\\u0446\\u0438\\u0438\"]}}]"}}, {"model": "admin.logentry", "pk": 18, "fields": {"action_time": "2023-08-22T20:50:46.661Z", "user": 1, "content_type": 11, "object_id": "6", "object_repr": "Второй блог", "action_flag": 2, "change_message": "[{\"changed\": {\"fields\": [\"\\u041f\\u0440\\u0438\\u0437\\u043d\\u0430\\u043a \\u043f\\u0443\\u0431\\u043b\\u0438\\u043a\\u0430\\u0446\\u0438\\u0438\"]}}]"}}, {"model": "admin.logentry", "pk": 19, "fields": {"action_time": "2023-08-22T20:50:55.542Z", "user": 1, "content_type": 11, "object_id": "8", "object_repr": "цукпцп", "action_flag": 2, "change_message": "[{\"changed\": {\"fields\": [\"\\u041f\\u0440\\u0438\\u0437\\u043d\\u0430\\u043a \\u043f\\u0443\\u0431\\u043b\\u0438\\u043a\\u0430\\u0446\\u0438\\u0438\"]}}]"}}, {"model": "admin.logentry", "pk": 20, "fields": {"action_time": "2023-08-22T21:19:24.816Z", "user": 1, "content_type": 11, "object_id": "10", "object_repr": "Изменения", "action_flag": 2, "change_message": "[{\"changed\": {\"fields\": [\"\\u041f\\u0440\\u0438\\u0437\\u043d\\u0430\\u043a \\u043f\\u0443\\u0431\\u043b\\u0438\\u043a\\u0430\\u0446\\u0438\\u0438\"]}}]"}}, {"model": "admin.logentry", "pk": 21, "fields": {"action_time": "2023-08-22T21:19:29.165Z", "user": 1, "content_type": 11, "object_id": "9", "object_repr": "Тест", "action_flag": 2, "change_message": "[{\"changed\": {\"fields\": [\"\\u041f\\u0440\\u0438\\u0437\\u043d\\u0430\\u043a \\u043f\\u0443\\u0431\\u043b\\u0438\\u043a\\u0430\\u0446\\u0438\\u0438\"]}}]"}}, {"model": "admin.logentry", "pk": 22, "fields": {"action_time": "2023-08-22T21:19:32.812Z", "user": 1, "content_type": 11, "object_id": "8", "object_repr": "цукпцп", "action_flag": 2, "change_message": "[{\"changed\": {\"fields\": [\"\\u041f\\u0440\\u0438\\u0437\\u043d\\u0430\\u043a \\u043f\\u0443\\u0431\\u043b\\u0438\\u043a\\u0430\\u0446\\u0438\\u0438\"]}}]"}}, {"model": "admin.logentry", "pk": 23, "fields": {"action_time": "2023-08-22T21:19:37.275Z", "user": 1, "content_type": 11, "object_id": "7", "object_repr": "Блог два", "action_flag": 2, "change_message": "[{\"changed\": {\"fields\": [\"\\u041f\\u0440\\u0438\\u0437\\u043d\\u0430\\u043a \\u043f\\u0443\\u0431\\u043b\\u0438\\u043a\\u0430\\u0446\\u0438\\u0438\"]}}]"}}, {"model": "auth.permission", "pk": 1, "fields": {"name": "Can add log entry", "content_type": 1, "codename": "add_logentry"}}, {"model": "auth.permission", "pk": 2, "fields": {"name": "Can change log entry", "content_type": 1, "codename": "change_logentry"}}, {"model": "auth.permission", "pk": 3, "fields": {"name": "Can delete log entry", "content_type": 1, "codename": "delete_logentry"}}, {"model": "auth.permission", "pk": 4, "fields": {"name": "Can view log entry", "content_type": 1, "codename": "view_logentry"}}, {"model": "auth.permission", "pk": 5, "fields": {"name": "Can add permission", "content_type": 2, "codename": "add_permission"}}, {"model": "auth.permission", "pk": 6, "fields": {"name": "Can change permission", "content_type": 2, "codename": "change_permission"}}, {"model": "auth.permission", "pk": 7, "fields": {"name": "Can delete permission", "content_type": 2, "codename": "delete_permission"}}, {"model": "auth.permission", "pk": 8, "fields": {"name": "Can view permission", "content_type": 2, "codename": "view_permission"}}, {"model": "auth.permission", "pk": 9, "fields": {"name": "Can add group", "content_type": 3, "codename": "add_group"}}, {"model": "auth.permission", "pk": 10, "fields": {"name": "Can change group", "content_type": 3, "codename": "change_group"}}, {"model": "auth.permission", "pk": 11, "fields": {"name": "Can delete group", "content_type": 3, "codename": "delete_group"}}, {"model": "auth.permission", "pk": 12, "fields": {"name": "Can view group", "content_type": 3, "codename": "view_group"}}, {"model": "auth.permission", "pk": 13, "fields": {"name": "Can add content type", "content_type": 4, "codename": "add_contenttype"}}, {"model": "auth.permission", "pk": 14, "fields": {"name": "Can change content type", "content_type": 4, "codename": "change_contenttype"}}, {"model": "auth.permission", "pk": 15, "fields": {"name": "Can delete content type", "content_type": 4, "codename": "delete_contenttype"}}, {"model": "auth.permission", "pk": 16, "fields": {"name": "Can view content type", "content_type": 4, "codename": "view_contenttype"}}, {"model": "auth.permission", "pk": 17, "fields": {"name": "Can add session", "content_type": 5, "codename": "add_session"}}, {"model": "auth.permission", "pk": 18, "fields": {"name": "Can change session", "content_type": 5, "codename": "change_session"}}, {"model": "auth.permission", "pk": 19, "fields": {"name": "Can delete session", "content_type": 5, "codename": "delete_session"}}, {"model": "auth.permission", "pk": 20, "fields": {"name": "Can view session", "content_type": 5, "codename": "view_session"}}, {"model": "auth.permission", "pk": 21, "fields": {"name": "Can add Категория", "content_type": 6, "codename": "add_category"}}, {"model": "auth.permission", "pk": 22, "fields": {"name": "Can change Категория", "content_type": 6, "codename": "change_category"}}, {"model": "auth.permission", "pk": 23, "fields": {"name": "Can delete Категория", "content_type": 6, "codename": "delete_category"}}, {"model": "auth.permission", "pk": 24, "fields": {"name": "Can view Категория", "content_type": 6, "codename": "view_category"}}, {"model": "auth.permission", "pk": 25, "fields": {"name": "Can add Владелец", "content_type": 7, "codename": "add_owner"}}, {"model": "auth.permission", "pk": 26, "fields": {"name": "Can change Владелец", "content_type": 7, "codename": "change_owner"}}, {"model": "auth.permission", "pk": 27, "fields": {"name": "Can delete Владелец", "content_type": 7, "codename": "delete_owner"}}, {"model": "auth.permission", "pk": 28, "fields": {"name": "Can view Владелец", "content_type": 7, "codename": "view_owner"}}, {"model": "auth.permission", "pk": 29, "fields": {"name": "Can add Продукт", "content_type": 8, "codename": "add_product"}}, {"model": "auth.permission", "pk": 30, "fields": {"name": "Can change Продукт", "content_type": 8, "codename": "change_product"}}, {"model": "auth.permission", "pk": 31, "fields": {"name": "Can delete Продукт", "content_type": 8, "codename": "delete_product"}}, {"model": "auth.permission", "pk": 32, "fields": {"name": "Can view Продукт", "content_type": 8, "codename": "view_product"}}, {"model": "auth.permission", "pk": 33, "fields": {"name": "Can add Версия", "content_type": 9, "codename": "add_version"}}, {"model": "auth.permission", "pk": 34, "fields": {"name": "Can change Версия", "content_type": 9, "codename": "change_version"}}, {"model": "auth.permission", "pk": 35, "fields": {"name": "Can delete Версия", "content_type": 9, "codename": "delete_version"}}, {"model": "auth.permission", "pk": 36, "fields": {"name": "Can view Версия", "content_type": 9, "codename": "view_version"}}, {"model": "auth.permission", "pk": 37, "fields": {"name": "Can add поставщик", "content_type": 10, "codename": "add_provider"}}, {"model": "auth.permission", "pk": 38, "fields": {"name": "Can change поставщик", "content_type": 10, "codename": "change_provider"}}, {"model": "auth.permission", "pk": 39, "fields": {"name": "Can delete поставщик", "content_type": 10, "codename": "delete_provider"}}, {"model": "auth.permission", "pk": 40, "fields": {"name": "Can view поставщик", "content_type": 10, "codename": "view_provider"}}, {"model": "auth.permission", "pk": 41, "fields": {"name": "Can add Блог", "content_type": 11, "codename": "add_blog"}}, {"model": "auth.permission", "pk": 42, "fields": {"name": "Can change Блог", "content_type": 11, "codename": "change_blog"}}, {"model": "auth.permission", "pk": 43, "fields": {"name": "Can delete Блог", "content_type": 11, "codename": "delete_blog"}}, {"model": "auth.permission", "pk": 44, "fields": {"name": "Can view Блог", "content_type": 11, "codename": "view_blog"}}, {"model": "auth.permission", "pk": 45, "fields": {"name": "Can add Покупатель", "content_type": 12, "codename": "add_buyer"}}, {"model": "auth.permission", "pk": 46, "fields": {"name": "Can change Покупатель", "content_type": 12, "codename": "change_buyer"}}, {"model": "auth.permission", "pk": 47, "fields": {"name": "Can delete Покупатель", "content_type": 12, "codename": "delete_buyer"}}, {"model": "auth.permission", "pk": 48, "fields": {"name": "Can view Покупатель", "content_type": 12, "codename": "view_buyer"}}, {"model": "auth.permission", "pk": 49, "fields": {"name": "Can add Письма", "content_type": 13, "codename": "add_mailingmessage"}}, {"model": "auth.permission", "pk": 50, "fields": {"name": "Can change Письма", "content_type": 13, "codename": "change_mailingmessage"}}, {"model": "auth.permission", "pk": 51, "fields": {"name": "Can delete Письма", "content_type": 13, "codename": "delete_mailingmessage"}}, {"model": "auth.permission", "pk": 52, "fields": {"name": "Can view Письма", "content_type": 13, "codename": "view_mailingmessage"}}, {"model": "auth.permission", "pk": 53, "fields": {"name": "Can add рассылка", "content_type": 14, "codename": "add_mailingsettings"}}, {"model": "auth.permission", "pk": 54, "fields": {"name": "Can change рассылка", "content_type": 14, "codename": "change_mailingsettings"}}, {"model": "auth.permission", "pk": 55, "fields": {"name": "Can delete рассылка", "content_type": 14, "codename": "delete_mailingsettings"}}, {"model": "auth.permission", "pk": 56, "fields": {"name": "Can view рассылка", "content_type": 14, "codename": "view_mailingsettings"}}, {"model": "auth.permission", "pk": 57, "fields": {"name": "Can add лог", "content_type": 15, "codename": "add_mailinglog"}}, {"model": "auth.permission", "pk": 58, "fields": {"name": "Can change лог", "content_type": 15, "codename": "change_mailinglog"}}, {"model": "auth.permission", "pk": 59, "fields": {"name": "Can delete лог", "content_type": 15, "codename": "delete_mailinglog"}}, {"model": "auth.permission", "pk": 60, "fields": {"name": "Can view лог", "content_type": 15, "codename": "view_mailinglog"}}, {"model": "auth.permission", "pk": 61, "fields": {"name": "Can add Покупатель рассылки", "content_type": 16, "codename": "add_mailingclient"}}, {"model": "auth.permission", "pk": 62, "fields": {"name": "Can change Покупатель рассылки", "content_type": 16, "codename": "change_mailingclient"}}, {"model": "auth.permission", "pk": 63, "fields": {"name": "Can delete Покупатель рассылки", "content_type": 16, "codename": "delete_mailingclient"}}, {"model": "auth.permission", "pk": 64, "fields": {"name": "Can view Покупатель рассылки", "content_type": 16, "codename": "view_mailingclient"}}, {"model": "auth.permission", "pk": 65, "fields": {"name": "Can add Заказ", "content_type": 17, "codename": "add_order"}}, {"model": "auth.permission", "pk": 66, "fields": {"name": "Can change Заказ", "content_type": 17, "codename": "change_order"}}, {"model": "auth.permission", "pk": 67, "fields": {"name": "Can delete Заказ", "content_type": 17, "codename": "delete_order"}}, {"model": "auth.permission", "pk": 68, "fields": {"name": "Can view Заказ", "content_type": 17, "codename": "view_order"}}, {"model": "auth.permission", "pk": 69, "fields": {"name": "Can add пользователь", "content_type": 18, "codename": "add_user"}}, {"model": "auth.permission", "pk": 70, "fields": {"name": "Can change пользователь", "content_type": 18, "codename": "change_user"}}, {"model": "auth.permission", "pk": 71, "fields": {"name": "Can delete пользователь", "content_type": 18, "codename": "delete_user"}}, {"model": "auth.permission", "pk": 72, "fields": {"name": "Can view пользователь", "content_type": 18, "codename": "view_user"}}, {"model": "auth.permission", "pk": 73, "fields": {"name": "активность", "content_type": 18, "codename": "set_is_active"}}, {"model": "auth.permission", "pk": 74, "fields": {"name": "Статус рассылки", "content_type": 14, "codename": "set_status"}}, {"model": "auth.group", "pk": 1, "fields": {"name": "manager", "permissions": [74, 56, 73, 72]}}, {"model": "contenttypes.contenttype", "pk": 1, "fields": {"app_label": "admin", "model": "logentry"}}, {"model": "contenttypes.contenttype", "pk": 2, "fields": {"app_label": "auth", "model": "permission"}}, {"model": "contenttypes.contenttype", "pk": 3, "fields": {"app_label": "auth", "model": "group"}}, {"model": "contenttypes.contenttype", "pk": 4, "fields": {"app_label": "contenttypes", "model": "contenttype"}}, {"model": "contenttypes.contenttype", "pk": 5, "fields": {"app_label": "sessions", "model": "session"}}, {"model": "contenttypes.contenttype", "pk": 6, "fields": {"app_label": "app_catalog", "model": "category"}}, {"model": "contenttypes.contenttype", "pk": 7, "fields": {"app_label": "app_catalog", "model": "owner"}}, {"model": "contenttypes.contenttype", "pk": 8, "fields": {"app_label": "app_catalog", "model": "product"}}, {"model": "contenttypes.contenttype", "pk": 9, "fields": {"app_label": "app_catalog", "model": "version"}}, {"model": "contenttypes.contenttype", "pk": 10, "fields": {"app_label": "app_catalog", "model": "provider"}}, {"model": "contenttypes.contenttype", "pk": 11, "fields": {"app_label": "app_blog", "model": "blog"}}, {"model": "contenttypes.contenttype", "pk": 12, "fields": {"app_label": "app_mailing", "model": "buyer"}}, {"model": "contenttypes.contenttype", "pk": 13, "fields": {"app_label": "app_mailing", "model": "mailingmessage"}}, {"model": "contenttypes.contenttype", "pk": 14, "fields": {"app_label": "app_mailing", "model": "mailingsettings"}}, {"model": "contenttypes.contenttype", "pk": 15, "fields": {"app_label": "app_mailing", "model": "mailinglog"}}, {"model": "contenttypes.contenttype", "pk": 16, "fields": {"app_label": "app_mailing", "model": "mailingclient"}}, {"model": "contenttypes.contenttype", "pk": 17, "fields": {"app_label": "app_order", "model": "order"}}, {"model": "contenttypes.contenttype", "pk": 18, "fields": {"app_label": "app_users", "model": "user"}}, {"model": "sessions.session", "pk": "48t4pt9xnbovekdfodgua181wga2lkaq", "fields": {"session_data": ".eJxVjMsOwiAQRf-FtSEFZpzi0r3fQHgMUjWQlHZl_HfbpAvdnnPufQvn16W4tfPspiQuQovTLws-PrnuIj18vTcZW13mKcg9kYft8tYSv65H-3dQfC_b-qytRlKIBKMKxNkSqcFEsjBi2hAbyB4IY9bAqDQCGMAhgY4EgcXnC6CjNmU:1qYQiN:rG32pEHBBW5txvEobxI5zYiY_GLSveRRel5019kv9To", "expire_date": "2023-09-05T12:42:31.690Z"}}, {"model": "sessions.session", "pk": "c4tlz9qtao9184iemlb3l6zw9a2d1e1e", "fields": {"session_data": ".eJxVjMsOwiAQRf-FtSEFOjK4dN9vIAMzSNWUpI-V8d-1SRe6veec-1KRtrXGbZE5jqwuyqjT75YoP2TaAd9pujWd27TOY9K7og-66KGxPK-H-3dQaanfGiyCgOtNgOR8Zw0ze--IOgy9FQnYW-qoINgEBZEEg3DJgmcjvlj1_gDCADe8:1qYX6M:3Qdd6NOiW51TA7gaCSArsKQ0UPPsv-RQgTnu74cgLTA", "expire_date": "2023-09-05T19:31:42.473Z"}}, {"model": "app_catalog.product", "pk": 1, "fields": {"name": "Абрикос", "desc": "Жёлтый", "image": "products/abrikosy.jpg", "category": 1, "price": 23, "created_at": "2023-07-20T08:50:28.506Z", "update_at": "2023-08-03T12:47:24.977Z", "owner": 1, "vendor": null}}, {"model": "app_catalog.product", "pk": 2, "fields": {"name": "Вишня", "desc": "Красная", "image": "products/vishnya.jpeg", "category": 3, "price": 456, "created_at": "2023-07-20T08:50:28.506Z", "update_at": "2023-08-03T12:47:49.055Z", "owner": 1, "vendor": null}}, {"model": "app_catalog.product", "pk": 3, "fields": {"name": "Салат", "desc": "Китайский", "image": "products/salat.jpeg", "category": 2, "price": 789, "created_at": "2023-07-20T08:50:28.506Z", "update_at": "2023-08-03T12:47:58.744Z", "owner": 1, "vendor": null}}, {"model": "app_catalog.product", "pk": 4, "fields": {"name": "Огурец", "desc": "Длинный", "image": "products/ogurec.jpg", "category": 2, "price": 7, "created_at": "2023-07-20T08:50:28.506Z", "update_at": "2023-08-03T12:47:14.279Z", "owner": 1, "vendor": null}}, {"model": "app_catalog.product", "pk": 5, "fields": {"name": "Помидор", "desc": "Бычье сердце", "image": "products/tomat.jpg", "category": 2, "price": 654, "created_at": "2023-07-20T08:50:28.506Z", "update_at": "2023-08-03T12:47:53.905Z", "owner": 1, "vendor": null}}, {"model": "app_catalog.product", "pk": 6, "fields": {"name": "Арбуз", "desc": "Без косточек", "image": "products/arbuzy.jpg", "category": 3, "price": 321, "created_at": "2023-07-20T08:50:28.506Z", "update_at": "2023-08-03T12:47:42.012Z", "owner": 1, "vendor": null}}, {"model": "app_catalog.product", "pk": 7, "fields": {"name": "Изюм", "desc": "Обыкновенный", "image": "products/izum.jpg", "category": 4, "price": 147, "created_at": "2023-07-20T08:50:28.506Z", "update_at": "2023-08-03T12:47:33.954Z", "owner": 1, "vendor": null}}, {"model": "app_catalog.product", "pk": 8, "fields": {"name": "Корнишон", "desc": "В банках", "image": "products/corneshon.jpg", "category": 5, "price": 258, "created_at": "2023-07-20T08:50:28.506Z", "update_at": "2023-08-03T12:47:37.960Z", "owner": 1, "vendor": null}}, {"model": "app_catalog.product", "pk": 9, "fields": {"name": "Груша", "desc": "Сладкая и жёлтая", "image": "products/grusha.jpg", "category": 1, "price": 25, "created_at": "2023-07-23T14:56:28.918Z", "update_at": "2023-08-03T12:47:30.001Z", "owner": 1, "vendor": null}}, {"model": "app_catalog.product", "pk": 12, "fields": {"name": "Патиссон", "desc": "Белый и свежий", "image": "products/patison.jpg", "category": 2, "price": 15, "created_at": "2023-07-23T16:07:19.084Z", "update_at": "2023-08-03T12:47:20.552Z", "owner": 1, "vendor": null}}, {"model": "app_catalog.product", "pk": 13, "fields": {"name": "Капуста", "desc": "С добавлением любви и ласки.", "image": "products/kapusta.jpg", "category": 5, "price": 1, "created_at": "2023-07-24T17:08:25.330Z", "update_at": "2023-08-03T19:14:43.503Z", "owner": 1, "vendor": null}}, {"model": "app_catalog.product", "pk": 14, "fields": {"name": "Лимон", "desc": "Жёлтый и кислый", "image": "products/limon.jpg", "category": 1, "price": 5, "created_at": "2023-07-24T21:12:25.760Z", "update_at": "2023-08-21T14:41:53.143Z", "owner": 1, "vendor": 1}}, {"model": "app_catalog.product", "pk": 15, "fields": {"name": "Помидоры черри", "desc": "Черрри для Лизы", "image": "products/chrry.webp", "category": 3, "price": 1, "created_at": "2023-08-22T12:44:32.272Z", "update_at": "2023-08-22T12:47:00.743Z", "owner": 1, "vendor": 2}}, {"model": "app_catalog.product", "pk": 16, "fields": {"name": "Черешня", "desc": "Черешня для Лизы", "image": "products/a621650461e940e18d3f43bccbac4e4f.jpg", "category": 3, "price": 0, "created_at": "2023-08-22T12:45:34.974Z", "update_at": "2023-08-22T12:45:34.981Z", "owner": 1, "vendor": 2}}, {"model": "app_catalog.category", "pk": 1, "fields": {"name": "Фрукты", "desc": "Свежие из Астрахани"}}, {"model": "app_catalog.category", "pk": 2, "fields": {"name": "Овощи", "desc": "Свежие из Грузии"}}, {"model": "app_catalog.category", "pk": 3, "fields": {"name": "Ягоды", "desc": "Свежие из Турции"}}, {"model": "app_catalog.category", "pk": 4, "fields": {"name": "Сухофрукты", "desc": "Свежие из Ташкента"}}, {"model": "app_catalog.category", "pk": 5, "fields": {"name": "Маринад", "desc": "Из Абхазии"}}, {"model": "app_catalog.owner", "pk": 1, "fields": {"name": "Михаил", "email": "mikhapol@bk.ru"}}, {"model": "app_catalog.provider", "pk": 1, "fields": {"title": "Поставщик лимонов", "description": "Из южной африки", "product": 14}}, {"model": "app_catalog.provider", "pk": 2, "fields": {"title": "Поставщик лимонов", "description": "Лимоны", "product": 14}}, {"model": "app_catalog.provider", "pk": 3, "fields": {"title": "Поставщик арбузов", "description": "Срок поставки 10 дней", "product": 13}}, {"model": "app_catalog.version", "pk": 1, "fields": {"product": 13, "version_number": 123, "version_name": "156", "is_actual": true}}, {"model": "app_blog.blog", "pk": 5, "fields": {"name_blog": "Первый блог", "slug": "pervyij-blog", "body": "Первый блог", "image": "blog/620ae7a6d55bab4b159cedc1fa8f46d4_cvFUGqz.jpg", "created_at": "2023-07-23T20:26:54.186Z", "published": true, "views_count": 16}}, {"model": "app_blog.blog", "pk": 6, "fields": {"name_blog": "Второй блог", "slug": "vtoroj-blog", "body": "Блог номер два", "image": "blog/1Jq5BElAu1E_PnJYG90.jpg", "created_at": "2023-07-23T20:38:24.658Z", "published": true, "views_count": 10}}, {"model": "app_blog.blog", "pk": 7, "fields": {"name_blog": "Блог два", "slug": "blog-dva", "body": "урпвпи", "image": "blog/570-E4923-C5-D7-4271-8421-A689-D5-CD9-E90_nAdFtgg.png", "created_at": "2023-07-23T20:38:56.576Z", "published": true, "views_count": 12}}, {"model": "app_blog.blog", "pk": 8, "fields": {"name_blog": "цукпцп", "slug": "tsukptsp", "body": "ымываи", "image": "blog/570-E4923-C5-D7-4271-8421-A689-D5-CD9-E90.png", "created_at": "2023-07-23T20:39:07.477Z", "published": false, "views_count": 5}}, {"model": "app_blog.blog", "pk": 9, "fields": {"name_blog": "Тест", "slug": "test", "body": "Тест", "image": "", "created_at": "2023-07-23T21:09:20.679Z", "published": true, "views_count": 3}}, {"model": "app_blog.blog", "pk": 10, "fields": {"name_blog": "Изменения", "slug": "izmeneniya", "body": "Новые ззменения", "image": "blog/maxresdefault.jpg", "created_at": "2023-07-23T21:10:19.387Z", "published": false, "views_count": 6}}, {"model": "app_blog.blog", "pk": 11, "fields": {"name_blog": "Новый блог", "slug": "novyij-blog", "body": "Тут что то написано", "image": "blog/abrikosy.jpg", "created_at": "2023-08-22T20:36:10.459Z", "published": true, "views_count": 1}}, {"model": "app_mailing.buyer", "pk": 1, "fields": {"email": "liza_minyaeva@mail.ru", "first_name": "Лиза", "last_name": "Ми", "middle_name": null, "comment": null}}, {"model": "app_mailing.buyer", "pk": 2, "fields": {"email": "ivan@ivan.ivan", "first_name": "Иван", "last_name": "123123", "middle_name": null, "comment": null}}, {"model": "app_mailing.buyer", "pk": 3, "fields": {"email": "mikhapol@icloud.com", "first_name": "Mik", "last_name": "Pol", "middle_name": null, "comment": null}}, {"model": "app_mailing.buyer", "pk": 4, "fields": {"email": "dva@sky.pro", "first_name": "Два", "last_name": "Второй", "middle_name": null, "comment": null}}, {"model": "app_mailing.buyer", "pk": 5, "fields": {"email": "nka@pdcompany.su", "first_name": "Дядя", "last_name": "Константинов", "middle_name": null, "comment": null}}, {"model": "app_mailing.mailinglog", "pk": 2, "fields": {"last_attempt": "2023-08-22T12:08:03.817Z", "buyer": 1, "settings": 1, "status": "ok", "answer": null}}, {"model": "app_mailing.mailingclient", "pk": 1, "fields": {"buyer": 1, "settings": 1}}, {"model": "app_mailing.mailingmessage", "pk": 1, "fields": {"letter_subject": "Привет от Мишани", "letter_body": "Проверка кронтаб"}}, {"model": "app_mailing.mailingmessage", "pk": 2, "fields": {"letter_subject": "От Лизы", "letter_body": "Всем привет! Мы старались."}}, {"model": "app_mailing.mailingsettings", "pk": 1, "fields": {"start_time": "2023-08-22T11:30:00Z", "end_time": "2023-08-23T11:30:00Z", "period": "weekly", "status": "started", "message": 1}}, {"model": "app_mailing.mailingsettings", "pk": 2, "fields": {"start_time": "2023-08-01T06:00:00Z", "end_time": "2023-10-31T18:00:00Z", "period": "weekly", "status": "started", "message": 2}}, {"model": "app_mailing.mailingsettings", "pk": 3, "fields": {"start_time": "2023-08-14T12:00:00Z", "end_time": "2023-08-31T20:39:16Z", "period": "monthly", "status": "done", "message": 1}}, {"model": "app_mailing.mailingsettings", "pk": 4, "fields": {"start_time": "2023-08-25T00:00:00Z", "end_time": "2023-08-30T00:00:00Z", "period": "daily", "status": "created", "message": 2}}, {"model": "app_order.order", "pk": 1, "fields": {"product": 13, "name": "123123 Иван", "email": "ivan@ivan.ivan", "message": "1234", "closed": false, "created_at": "2023-08-03T14:19:52.193Z"}}, {"model": "app_order.order", "pk": 2, "fields": {"product": 1, "name": "Лиза", "email": "nka@pdcompany.su", "message": "Хочу абрикосов", "closed": false, "created_at": "2023-08-03T14:21:42.562Z"}}, {"model": "app_order.order", "pk": 3, "fields": {"product": 16, "name": "Liza", "email": "liza_minyaeva@mail.ru", "message": "Хочу черешню", "closed": false, "created_at": "2023-08-22T12:54:36.551Z"}}, {"model": "app_users.user", "pk": 1, "fields": {"password": "pbkdf2_sha256$600000$lT1BNZFneCBLmd3xEhX6eT$p5Ys43GllrsvOKjXsF1As1NE7+eWmjnMuc0NHdiMVBQ=", "last_login": "2023-08-22T19:31:42.469Z", "is_superuser": true, "first_name": "Admin", "last_name": "Adminov", "is_staff": true, "is_active": true, "date_joined": "2023-08-21T13:04:25.891Z", "email": "admin@sky.pro", "phone": null, "avatar": "", "country": null, "groups": [], "user_permissions": []}}, {"model": "app_users.user", "pk": 2, "fields": {"password": "pbkdf2_sha256$600000$bqEDnNoy3M6AzcqXawYUgo$3k8oE40ZNd6oNsddgEzbN6PAAFdbaJZ1u1YoPdJYsTg=", "last_login": "2023-08-22T19:30:20.276Z", "is_superuser": false, "first_name": "Лиза", "last_name": "Каранкевич", "is_staff": true, "is_active": true, "date_joined": "2023-08-22T12:27:43Z", "email": "liza_minyaeva@mail.ru", "phone": null, "avatar": "", "country": null, "groups": [1], "user_permissions": []}}, {"model": "app_users.user", "pk": 3, "fields": {"password": "pbkdf2_sha256$600000$MnfLBaeSLXkIzTm0LA5D0y$/ZtHmyYtYKKAPT/ijea8B2JCokwvnWXq4LNE2wVVMpI=", "last_login": null, "is_superuser": false, "first_name": "", "last_name": "", "is_staff": false, "is_active": false, "date_joined": "2023-08-22T12:29:20.621Z", "email": "liza.minyaeva@yandex.ru", "phone": null, "avatar": "", "country": null, "groups": [], "user_permissions": []}}]